latitude,longitude,elevation,utc_offset_seconds,timezone,timezone_abbreviation
37.996483,23.709677,92.0,0,GMT,GMT

time,temperature_2m_mean (°C),precipitation_sum (mm),wind_speed_10m_max (km/h),wind_direction_10m_dominant (°)
2019-11-24,15.4,7.10,16.4,76
2019-11-25,16.5,24.90,23.4,137
2019-11-26,13.6,3.30,9.8,9
2019-11-27,14.7,0.00,8.0,300
2019-11-28,16.8,0.00,14.0,227
2019-11-29,16.8,0.80,17.9,261
2019-11-30,15.9,0.20,15.2,283
2019-12-01,11.2,0.00,21.7,9
2019-12-02,10.0,0.00,10.0,7
2019-12-03,13.5,0.00,9.4,6
2019-12-04,11.3,1.00,17.1,21
2019-12-05,9.8,0.00,14.5,17
2019-12-06,9.4,0.00,9.6,355
2019-12-07,11.6,0.00,9.4,8
2019-12-08,11.2,0.00,10.6,10
2019-12-09,11.3,0.20,11.2,60
2019-12-10,13.0,21.10,15.9,98
2019-12-11,12.7,19.30,14.4,96
2019-12-12,11.1,5.70,10.7,19
2019-12-13,11.7,0.50,10.5,271
2019-12-14,12.4,22.50,32.1,184
2019-12-15,13.0,0.00,11.5,13
2019-12-16,14.5,0.00,7.8,12
2019-12-17,12.5,0.00,10.3,21
2019-12-18,12.4,0.00,10.1,29
2019-12-19,14.3,0.20,10.8,113
2019-12-20,15.6,1.20,16.8,184
2019-12-21,14.8,0.00,18.2,215
2019-12-22,16.1,4.90,33.2,194
2019-12-23,12.3,0.00,15.3,263
2019-12-24,10.0,0.00,22.6,316
2019-12-25,8.7,0.00,17.4,324
2019-12-26,7.9,0.00,21.5,344
2019-12-27,8.2,0.10,11.3,3
2019-12-28,6.3,0.20,23.7,353
2019-12-29,5.7,3.20,21.3,9
2019-12-30,4.7,49.20,20.9,353
2019-12-31,5.5,6.30,15.5,345
2020-01-01,5.8,1.90,17.6,14
2020-01-02,5.8,0.00,22.6,2
2020-01-03,6.9,0.00,22.0,348
2020-01-04,9.7,0.00,9.8,310
2020-01-05,8.5,15.40,24.7,358
2020-01-06,4.6,49.00,22.6,347
2020-01-07,5.0,8.40,26.1,349
2020-01-08,4.9,0.00,21.4,2
2020-01-09,5.4,0.00,16.9,351
2020-01-10,6.6,0.00,11.6,27
2020-01-11,8.1,0.00,10.0,19
2020-01-12,8.1,0.00,12.7,13
2020-01-13,8.2,0.00,11.2,5
2020-01-14,7.8,0.00,12.1,34
2020-01-15,8.7,0.00,14.1,18
2020-01-16,9.2,0.00,14.8,2
2020-01-17,8.6,0.00,15.9,351
2020-01-18,7.9,0.00,11.9,335
2020-01-19,7.3,0.00,11.5,338
2020-01-20,6.8,0.00,13.4,3
2020-01-21,6.0,0.00,14.5,359
2020-01-22,8.3,0.00,8.8,342
2020-01-23,8.5,0.00,20.7,28
2020-01-24,7.0,0.00,11.6,11
2020-01-25,10.1,0.00,8.0,354
2020-01-26,11.6,2.00,6.6,41
2020-01-27,11.6,4.30,11.1,191
2020-01-28,10.5,0.00,15.3,285
2020-01-29,12.2,0.00,11.4,247
2020-01-30,11.0,0.10,17.0,334
2020-01-31,9.3,0.00,11.8,249
2020-02-01,12.5,0.00,8.0,116
2020-02-02,13.0,0.00,5.9,156
2020-02-03,12.7,0.00,13.8,238
2020-02-04,12.8,0.00,12.7,213
2020-02-05,11.0,13.00,25.2,232
2020-02-06,5.0,2.20,22.1,347
2020-02-07,4.7,0.10,21.6,347
2020-02-08,4.1,0.20,15.2,24
2020-02-09,6.5,0.00,12.4,43
2020-02-10,9.9,0.00,17.7,271
2020-02-11,11.8,0.00,16.8,241
2020-02-12,14.3,0.00,13.2,229
2020-02-13,10.9,0.00,12.5,53
2020-02-14,10.9,7.80,13.8,92
2020-02-15,10.9,3.80,18.0,0
2020-02-16,9.3,0.00,15.2,2
2020-02-17,8.6,0.00,14.5,5
2020-02-18,9.4,0.00,9.8,49
2020-02-19,11.4,0.00,9.7,102
2020-02-20,11.1,12.50,22.4,327
2020-02-21,8.2,2.10,20.5,346
2020-02-22,6.7,2.50,17.1,10
2020-02-23,8.0,0.00,16.0,3
2020-02-24,10.8,0.00,10.1,138
2020-02-25,12.4,0.00,10.4,82
2020-02-26,13.5,0.00,14.1,197
2020-02-27,13.0,0.00,25.9,247
2020-02-28,10.0,0.10,20.6,265
2020-02-29,8.2,0.00,23.2,339
2020-03-01,9.9,0.00,10.5,252
2020-03-02,13.3,0.00,6.0,132
2020-03-03,13.8,0.00,20.9,142
2020-03-04,13.8,8.00,26.2,165
2020-03-05,12.8,0.00,12.1,285
2020-03-06,12.6,0.00,11.5,213
2020-03-07,14.3,0.00,20.3,157
2020-03-08,15.0,0.40,20.5,147
2020-03-09,10.5,26.10,20.2,317
2020-03-10,11.5,0.00,13.4,252
2020-03-11,11.4,0.80,9.7,36
2020-03-12,12.1,0.00,13.8,357
2020-03-13,15.2,0.00,14.1,358
2020-03-14,16.5,0.00,8.6,52
2020-03-15,14.5,0.70,16.9,26
2020-03-16,8.1,2.50,21.5,13
2020-03-17,8.1,0.00,14.3,8
2020-03-18,9.4,1.10,13.9,31
2020-03-19,9.6,0.00,14.4,1
2020-03-20,11.4,0.00,17.7,359
2020-03-21,13.8,0.00,13.7,58
2020-03-22,13.4,0.70,14.0,134
2020-03-23,12.8,3.40,14.8,19
2020-03-24,12.0,0.10,13.3,338
2020-03-25,11.7,3.00,22.1,41
2020-03-26,11.8,9.00,21.1,42
2020-03-27,11.3,16.60,14.3,353
2020-03-28,10.5,0.00,10.5,334
2020-03-29,11.1,12.80,9.7,65
2020-03-30,11.8,0.00,10.6,63
2020-03-31,13.4,0.70,14.9,3
2020-04-01,11.7,5.70,13.8,105
2020-04-02,10.5,0.00,18.5,326
2020-04-03,9.3,1.90,12.4,64
2020-04-04,12.2,38.70,27.4,23
2020-04-05,11.9,19.60,23.4,356
2020-04-06,10.2,2.50,19.1,348
2020-04-07,9.8,4.30,28.9,8
2020-04-08,11.0,0.00,22.1,4
2020-04-09,11.7,0.00,16.6,344
2020-04-10,14.0,0.00,13.4,355
2020-04-11,16.3,0.00,13.6,23
2020-04-12,16.1,0.00,14.8,47
2020-04-13,15.4,0.00,11.4,88
2020-04-14,16.5,0.00,15.1,161
2020-04-15,13.4,0.00,30.6,7
2020-04-16,11.7,0.00,14.4,348
2020-04-17,13.7,0.00,12.0,133
2020-04-18,16.8,0.00,11.6,189
2020-04-19,17.6,0.00,8.3,123
2020-04-20,17.5,0.00,10.8,170
2020-04-21,15.8,0.10,16.0,17
2020-04-22,12.7,0.90,20.7,7
2020-04-23,11.8,0.00,17.3,349
2020-04-24,12.4,0.00,18.5,346
2020-04-25,14.5,0.00,20.3,178
2020-04-26,16.2,0.00,18.4,191
2020-04-27,16.7,0.00,14.5,175
2020-04-28,18.1,0.00,11.4,177
2020-04-29,18.6,0.00,22.4,224
2020-04-30,19.6,0.00,15.9,257
2020-05-01,19.3,0.00,21.2,234
2020-05-02,19.1,0.00,21.2,229
2020-05-03,20.0,0.10,18.0,301
2020-05-04,17.4,0.10,20.8,343
2020-05-05,17.4,0.00,23.2,254
2020-05-06,19.5,0.00,19.1,213
2020-05-07,16.1,0.30,17.8,6
2020-05-08,18.0,0.00,14.8,344
2020-05-09,18.9,0.00,15.9,175
2020-05-10,20.7,0.00,13.8,176
2020-05-11,20.7,0.00,16.4,148
2020-05-12,22.4,0.00,13.8,158
2020-05-13,23.4,0.00,18.6,211
2020-05-14,23.8,0.00,12.6,182
2020-05-15,26.9,0.00,10.9,157
2020-05-16,28.8,0.00,11.9,172
2020-05-17,28.1,0.00,12.7,210
2020-05-18,27.1,0.00,15.0,238
2020-05-19,26.2,0.00,15.3,247
2020-05-20,24.3,0.00,16.0,199
2020-05-21,22.0,0.00,25.2,255
2020-05-22,19.0,0.00,15.1,16
2020-05-23,19.5,0.00,20.2,1
2020-05-24,19.1,0.00,14.6,163
2020-05-25,20.7,5.00,13.2,25
2020-05-26,17.4,8.10,10.3,8
2020-05-27,15.5,0.60,22.0,354
2020-05-28,16.2,7.60,15.2,351
2020-05-29,17.6,1.10,15.0,244
2020-05-30,18.5,0.20,17.5,192
2020-05-31,18.5,0.00,15.6,198
2020-06-01,18.2,3.50,10.4,348
2020-06-02,18.3,1.60,14.6,269
2020-06-03,19.7,0.80,14.0,197
2020-06-04,19.7,0.00,15.6,198
2020-06-05,20.2,0.00,20.4,145
2020-06-06,21.4,0.00,19.8,153
2020-06-07,20.8,0.00,18.8,187
2020-06-08,23.3,0.00,14.6,194
2020-06-09,23.6,0.00,16.9,159
2020-06-10,24.3,0.00,22.6,245
2020-06-11,23.6,0.00,24.1,283
2020-06-12,23.4,0.10,21.0,282
2020-06-13,24.2,0.00,16.1,269
2020-06-14,26.1,0.00,20.8,237
2020-06-15,26.8,0.00,26.3,255
2020-06-16,24.9,0.00,22.8,221
2020-06-17,24.7,0.20,22.6,275
2020-06-18,25.8,0.00,24.8,295
2020-06-19,26.8,0.00,18.7,290
2020-06-20,26.2,0.00,20.6,194
2020-06-21,26.0,1.00,13.7,101
2020-06-22,22.7,5.50,11.7,249
2020-06-23,22.1,1.50,13.6,185
2020-06-24,23.4,2.50,14.7,150
2020-06-25,24.7,1.80,11.4,359
2020-06-26,25.4,0.00,17.6,351
2020-06-27,25.6,0.00,19.8,348
2020-06-28,26.6,0.00,18.1,347
2020-06-29,27.2,0.00,19.1,334
2020-06-30,29.2,0.00,19.2,183
2020-07-01,30.2,0.00,13.4,69
2020-07-02,30.2,0.00,12.9,3
2020-07-03,29.6,0.00,18.3,317
2020-07-04,29.2,0.10,16.2,205
2020-07-05,28.9,0.10,17.7,357
2020-07-06,27.1,0.50,15.9,342
2020-07-07,25.7,4.00,14.5,320
2020-07-08,26.8,0.00,17.7,6
2020-07-09,25.3,0.00,20.2,353
2020-07-10,25.2,0.00,18.1,349
2020-07-11,26.1,0.00,19.6,342
2020-07-12,27.7,0.00,18.6,347
2020-07-13,27.4,0.00,16.6,3
2020-07-14,25.3,0.00,14.5,6
2020-07-15,25.1,0.00,19.3,157
2020-07-16,25.5,0.00,15.7,190
2020-07-17,26.7,0.00,18.0,172
2020-07-18,27.0,0.00,23.2,208
2020-07-19,26.6,0.00,21.9,214
2020-07-20,27.3,0.00,21.4,187
2020-07-21,28.1,0.00,14.0,355
2020-07-22,27.8,0.00,21.4,351
2020-07-23,28.1,0.00,20.5,355
2020-07-24,28.7,0.00,18.0,347
2020-07-25,29.2,0.00,17.5,320
2020-07-26,28.2,0.00,16.8,183
2020-07-27,29.1,0.10,18.6,315
2020-07-28,29.4,0.00,16.9,359
2020-07-29,30.6,0.00,17.5,2
2020-07-30,31.1,0.00,18.7,1
2020-07-31,31.6,0.00,15.1,339
2020-08-01,31.8,0.00,15.1,341
2020-08-02,30.0,0.00,15.2,4
2020-08-03,29.0,0.00,13.7,15
2020-08-04,27.5,0.00,16.5,183
2020-08-05,28.0,0.00,17.1,141
2020-08-06,27.4,0.00,19.2,164
2020-08-07,25.8,1.70,14.1,292
2020-08-08,25.0,7.50,12.6,326
2020-08-09,25.2,6.20,22.8,353
2020-08-10,25.8,0.00,18.0,352
2020-08-11,26.9,0.00,13.7,357
2020-08-12,28.6,0.00,11.6,359
2020-08-13,29.1,0.00,10.4,359
2020-08-14,28.9,0.00,12.8,0
2020-08-15,28.9,0.00,13.4,74
2020-08-16,28.4,0.00,10.7,27
2020-08-17,27.2,0.00,13.5,350
2020-08-18,26.3,0.00,17.8,180
2020-08-19,26.8,0.00,15.0,194
2020-08-20,27.7,0.00,19.5,339
2020-08-21,27.6,0.00,21.0,354
2020-08-22,28.9,0.00,14.5,3
2020-08-23,29.4,0.00,15.9,25
2020-08-24,28.9,0.00,15.5,0
2020-08-25,28.3,0.00,18.1,181
2020-08-26,28.1,0.10,12.5,351
2020-08-27,26.9,0.00,19.1,217
2020-08-28,28.4,0.00,13.0,13
2020-08-29,27.7,0.00,16.4,204
2020-08-30,27.6,0.00,17.6,213
2020-08-31,30.6,0.00,10.7,14
2020-09-01,28.9,0.00,20.3,166
2020-09-02,29.2,0.00,18.4,204
2020-09-03,27.9,0.00,16.4,202
2020-09-04,27.4,0.00,21.6,356
2020-09-05,25.5,0.00,16.9,1
2020-09-06,26.0,0.00,13.3,6
2020-09-07,27.3,0.00,10.8,352
2020-09-08,28.1,0.00,15.5,359
2020-09-09,27.0,0.00,22.8,356
2020-09-10,26.0,0.00,20.6,358
2020-09-11,25.2,0.00,18.9,343
2020-09-12,25.5,0.00,18.8,343
2020-09-13,26.0,0.00,17.7,356
2020-09-14,25.9,0.00,19.8,353
2020-09-15,25.5,0.00,18.2,359
2020-09-16,25.2,0.00,14.7,354
2020-09-17,24.6,0.80,14.8,143
2020-09-18,24.3,7.90,20.8,129
2020-09-19,22.0,7.70,25.5,44
2020-09-20,20.0,0.00,16.8,348
2020-09-21,20.6,0.00,16.5,341
2020-09-22,22.1,0.00,15.6,291
2020-09-23,22.7,0.00,13.8,156
2020-09-24,24.2,0.30,17.6,260
2020-09-25,23.5,0.00,17.2,226
2020-09-26,23.8,0.40,25.9,217
2020-09-27,22.1,0.00,18.5,194
2020-09-28,23.6,0.00,21.0,178
2020-09-29,22.9,0.00,21.3,283
2020-09-30,21.1,0.00,18.4,290
2020-10-01,20.8,0.00,20.4,248
2020-10-02,22.4,0.00,13.7,183
2020-10-03,23.4,0.00,12.6,157
2020-10-04,24.6,0.00,13.0,142
2020-10-05,25.8,0.00,14.7,263
2020-10-06,27.8,0.00,16.1,223
2020-10-07,26.7,0.00,11.4,242
2020-10-08,22.6,0.50,21.0,288
2020-10-09,20.3,0.00,18.5,258
2020-10-10,20.5,0.00,20.2,156
2020-10-11,21.4,0.00,14.8,177
2020-10-12,21.6,0.70,24.3,167
2020-10-13,20.9,5.30,27.9,231
2020-10-14,19.6,0.00,14.3,273
2020-10-15,21.1,0.00,11.5,188
2020-10-16,22.4,0.00,18.1,161
2020-10-17,21.1,0.80,13.7,282
2020-10-18,19.1,0.00,16.4,336
2020-10-19,18.0,0.20,15.1,21
2020-10-20,17.8,0.00,15.3,7
2020-10-21,17.2,0.90,18.0,348
2020-10-22,18.3,0.00,12.7,354
2020-10-23,19.5,0.00,10.9,1
2020-10-24,20.5,0.00,9.8,323
2020-10-25,20.4,0.00,15.8,285
2020-10-26,18.1,0.00,16.3,90
2020-10-27,18.7,0.20,13.2,212
2020-10-28,16.5,28.10,23.6,115
2020-10-29,17.4,1.50,13.8,360
2020-10-30,17.5,0.50,12.0,349
2020-10-31,16.8,0.00,10.2,341
2020-11-01,15.5,0.00,14.0,35
2020-11-02,14.8,0.00,12.7,35
2020-11-03,16.3,0.10,9.6,348
2020-11-04,16.4,0.00,15.8,31
2020-11-05,15.5,0.00,15.2,7
2020-11-06,15.2,0.00,20.6,10
2020-11-07,15.0,0.00,18.9,8
2020-11-08,14.7,0.00,17.3,358
2020-11-09,15.3,0.00,12.2,9
2020-11-10,15.5,0.00,19.3,12
2020-11-11,14.7,0.00,18.1,6
2020-11-12,14.2,0.00,11.3,359
2020-11-13,13.4,0.20,12.1,59
2020-11-14,12.8,0.20,13.7,13
2020-11-15,12.7,0.00,11.7,40
2020-11-16,13.6,0.00,13.5,73
2020-11-17,14.4,1.50,9.4,57
2020-11-18,13.0,2.20,13.1,5
2020-11-19,12.5,0.40,25.6,359
2020-11-20,11.6,0.00,23.4,351
2020-11-21,11.3,0.00,17.8,14
2020-11-22,11.5,0.00,17.3,8
2020-11-23,11.7,0.00,10.6,9
2020-11-24,11.2,0.00,15.9,14
2020-11-25,11.0,0.00,18.4,358
2020-11-26,11.8,0.00,17.2,2
2020-11-27,12.4,0.00,10.2,1
2020-11-28,13.3,0.00,12.0,158
2020-11-29,14.5,10.40,18.1,162
2020-11-30,13.7,2.00,15.6,28
2020-12-01,11.0,0.10,15.9,37
2020-12-02,10.7,0.00,15.3,59
2020-12-03,11.4,0.10,13.4,66
2020-12-04,14.2,21.40,21.6,131
2020-12-05,13.6,1.50,9.5,60
2020-12-06,14.3,0.10,12.4,72
2020-12-07,13.4,22.30,15.9,251
2020-12-08,13.6,0.00,8.1,271
2020-12-09,15.6,1.10,27.7,181
2020-12-10,13.3,10.90,33.4,193
2020-12-11,12.6,13.50,27.1,185
2020-12-12,13.9,15.70,22.2,173
2020-12-13,13.6,13.40,17.1,47
2020-12-14,12.4,18.50,29.2,355
2020-12-15,12.2,0.10,18.0,354
2020-12-16,11.1,0.00,9.4,10
2020-12-17,10.5,0.00,10.2,21
2020-12-18,10.8,0.10,9.8,25
2020-12-19,11.1,0.00,10.3,40
2020-12-20,10.9,0.50,10.2,30
2020-12-21,10.2,0.40,9.9,14
2020-12-22,9.5,0.00,10.4,31
2020-12-23,10.7,0.00,12.1,47
2020-12-24,12.8,0.00,7.6,217
2020-12-25,12.7,0.00,13.4,220
2020-12-26,15.2,0.00,19.1,172
2020-12-27,14.7,34.80,30.5,175
2020-12-28,12.6,0.40,16.5,231
2020-12-29,14.0,0.10,18.8,190
2020-12-30,14.9,1.10,17.9,185
2020-12-31,13.9,3.80,19.1,203
2021-01-01,11.1,0.00,8.4,322
2021-01-02,11.9,4.20,15.2,85
2021-01-03,14.4,5.00,17.3,158
2021-01-04,13.9,17.80,34.6,171
2021-01-05,11.7,0.00,13.6,260
2021-01-06,12.6,0.00,12.8,166
2021-01-07,12.8,0.00,8.8,126
2021-01-08,14.9,0.00,16.6,146
2021-01-09,17.0,0.90,16.5,173
2021-01-10,16.7,0.20,16.5,130
2021-01-11,17.0,0.00,15.5,155
2021-01-12,14.9,4.40,22.4,197
2021-01-13,9.7,0.50,18.7,309
2021-01-14,8.1,0.00,22.5,308
2021-01-15,7.5,0.40,28.5,15
2021-01-16,5.5,13.40,22.8,8
2021-01-17,1.9,0.00,25.4,353
2021-01-18,3.0,0.20,18.3,29
2021-01-19,2.8,0.00,14.4,353
2021-01-20,6.8,0.00,9.4,322
2021-01-21,11.0,0.00,8.0,278
2021-01-22,12.1,0.30,11.3,186
2021-01-23,12.5,1.80,28.5,192
2021-01-24,12.4,9.40,23.3,206
2021-01-25,13.2,1.50,23.2,227
2021-01-26,13.2,12.80,35.0,193
2021-01-27,5.6,0.60,23.4,319
2021-01-28,3.9,0.00,17.0,351
2021-01-29,9.3,1.30,10.3,254
2021-01-30,12.6,0.00,23.1,292
2021-01-31,14.0,0.50,25.3,160
2021-02-01,13.8,14.60,23.8,191
2021-02-02,13.4,0.00,8.1,69
2021-02-03,13.3,0.10,11.1,39
2021-02-04,14.3,0.00,13.0,249
2021-02-05,14.1,0.00,8.5,35
2021-02-06,14.5,0.00,8.0,97
2021-02-07,14.9,0.00,15.8,146
2021-02-08,15.0,0.30,29.9,190
2021-02-09,14.1,0.00,22.3,209
2021-02-10,13.0,0.00,11.4,258
2021-02-11,13.6,2.50,27.6,215
2021-02-12,11.2,0.00,15.3,36
2021-02-13,9.7,6.70,15.7,21
2021-02-14,5.7,5.60,21.1,8
2021-02-15,2.9,2.30,35.8,11
2021-02-16,1.9,5.40,22.1,342
2021-02-17,5.0,0.00,9.5,352
2021-02-18,8.3,0.00,11.0,355
2021-02-19,8.5,0.00,12.2,35
2021-02-20,9.5,0.00,11.2,42
2021-02-21,8.3,0.30,18.9,18
2021-02-22,8.8,0.00,10.7,6
2021-02-23,10.3,0.00,11.0,11
2021-02-24,12.0,0.00,11.7,2
2021-02-25,11.1,0.00,20.8,360
2021-02-26,11.7,0.00,10.6,351
2021-02-27,11.4,0.00,12.0,25
2021-02-28,10.7,0.00,24.8,20
2021-03-01,9.4,0.00,10.5,7
2021-03-02,7.8,0.00,20.8,4
2021-03-03,9.5,0.00,18.1,345
2021-03-04,11.1,0.00,11.1,29
2021-03-05,12.9,0.00,13.0,232
2021-03-06,13.2,0.60,14.0,277
2021-03-07,10.0,0.40,19.5,37
2021-03-08,10.9,0.30,11.8,166
2021-03-09,11.9,0.00,13.1,58
2021-03-10,12.4,0.00,10.9,264
2021-03-11,9.2,1.40,25.2,346
2021-03-12,9.3,0.00,15.2,177
2021-03-13,12.5,0.00,15.1,188
2021-03-14,12.8,0.00,13.5,200
2021-03-15,11.4,1.10,24.5,260
2021-03-16,10.3,0.00,29.2,280
2021-03-17,9.8,0.00,20.2,284
2021-03-18,10.1,0.00,16.4,276
2021-03-19,12.4,0.10,12.2,62
2021-03-20,12.8,5.20,10.6,59
2021-03-21,14.0,0.80,12.8,58
2021-03-22,13.7,0.50,18.4,255
2021-03-23,8.3,2.00,20.0,10
2021-03-24,7.3,0.70,23.2,343
2021-03-25,5.1,0.10,19.1,359
2021-03-26,8.0,0.00,16.9,223
2021-03-27,11.3,0.00,15.4,189
2021-03-28,12.9,0.00,13.4,185
2021-03-29,13.2,0.30,13.5,30
2021-03-30,12.3,0.20,18.5,15
2021-03-31,9.1,2.00,25.1,360
2021-04-01,8.4,2.20,14.0,354
2021-04-02,12.3,0.00,14.4,184
2021-04-03,15.2,0.00,16.9,202
2021-04-04,16.8,0.00,21.6,151
2021-04-05,14.7,2.00,17.7,54
2021-04-06,15.3,0.40,17.1,284
2021-04-07,15.2,0.00,20.7,237
2021-04-08,10.6,0.60,27.5,342
2021-04-09,8.7,0.00,20.1,351
2021-04-10,10.0,0.00,16.3,49
2021-04-11,11.6,0.00,19.2,128
2021-04-12,13.3,0.00,14.8,177
2021-04-13,15.7,0.10,19.2,199
2021-04-14,15.6,0.00,14.4,217
2021-04-15,15.4,0.00,16.8,154
2021-04-16,14.5,0.40,16.7,53
2021-04-17,16.5,0.00,11.8,31
2021-04-18,16.1,0.00,11.2,202
2021-04-19,15.8,0.10,23.8,256
2021-04-20,15.0,0.00,22.7,272
2021-04-21,15.7,0.00,23.1,271
2021-04-22,16.4,0.30,17.3,191
2021-04-23,18.3,0.40,16.0,150
2021-04-24,14.9,14.70,15.0,42
2021-04-25,13.9,0.00,19.8,352
2021-04-26,14.7,0.00,16.9,3
2021-04-27,16.2,0.00,14.7,143
2021-04-28,19.4,0.00,15.9,125
2021-04-29,19.5,0.00,11.8,167
2021-04-30,21.8,0.00,14.1,160
2021-05-01,22.1,0.00,11.6,141
2021-05-02,23.6,0.00,6.9,181
2021-05-03,25.4,0.00,17.8,239
2021-05-04,23.2,0.00,15.3,32
2021-05-05,20.5,0.10,18.0,188
2021-05-06,21.9,0.00,18.8,240
2021-05-07,21.5,0.00,13.8,162
2021-05-08,23.7,0.00,14.0,165
2021-05-09,19.1,0.00,19.3,17
2021-05-10,17.9,0.00,16.6,349
2021-05-11,19.3,0.00,14.9,345
2021-05-12,18.5,0.00,16.3,186
2021-05-13,20.6,0.00,22.6,221
2021-05-14,20.7,0.00,25.2,248
2021-05-15,19.7,0.20,13.3,233
2021-05-16,20.5,0.00,23.7,258
2021-05-17,21.3,0.00,21.0,216
2021-05-18,23.6,0.00,25.7,271
2021-05-19,22.1,0.00,17.7,190
2021-05-20,21.5,0.00,24.9,262
2021-05-21,19.7,0.00,19.9,321
2021-05-22,20.1,0.00,18.2,186
2021-05-23,22.1,0.00,16.3,196
2021-05-24,25.0,0.00,15.3,206
2021-05-25,27.1,0.00,14.0,50
2021-05-26,25.6,0.00,18.4,212
2021-05-27,23.7,0.00,24.2,225
2021-05-28,23.3,0.00,23.9,159
2021-05-29,21.7,0.20,20.9,197
2021-05-30,21.4,0.20,12.9,197
2021-05-31,21.3,0.00,19.9,207
2021-06-01,19.9,0.40,21.7,254
2021-06-02,19.4,0.00,23.0,190
2021-06-03,21.0,0.00,19.5,189
2021-06-04,21.8,0.00,14.6,69
2021-06-05,21.8,0.00,22.7,165
2021-06-06,23.0,0.00,17.0,182
2021-06-07,25.1,0.00,17.9,184
2021-06-08,24.0,1.60,11.2,152
2021-06-09,23.3,9.90,17.7,337
2021-06-10,23.3,2.90,15.6,329
2021-06-11,22.4,4.20,9.4,357
2021-06-12,21.6,8.50,14.8,359
2021-06-13,21.7,3.60,12.7,41
2021-06-14,20.0,2.10,18.2,4
2021-06-15,18.7,8.20,12.3,313
2021-06-16,22.3,0.00,20.1,231
2021-06-17,23.4,0.00,15.9,168
2021-06-18,23.8,0.00,17.5,194
2021-06-19,25.0,1.50,14.0,147
2021-06-20,25.2,0.40,14.5,175
2021-06-21,25.1,0.00,17.3,179
2021-06-22,26.9,0.00,14.8,186
2021-06-23,29.0,0.00,17.0,184
2021-06-24,29.2,0.00,18.7,197
2021-06-25,30.4,0.00,14.9,197
2021-06-26,31.1,0.00,17.4,172
2021-06-27,30.3,0.00,19.7,101
2021-06-28,30.2,0.00,19.1,113
2021-06-29,30.2,0.00,15.5,129
2021-06-30,30.7,0.00,16.9,172
2021-07-01,31.5,0.00,18.6,216
2021-07-02,30.9,0.00,24.1,238
2021-07-03,27.7,0.80,18.4,23
2021-07-04,27.2,0.00,20.9,193
2021-07-05,27.9,0.00,20.7,203
2021-07-06,28.4,0.60,14.0,153
2021-07-07,29.7,0.00,14.9,9
2021-07-08,30.0,0.00,18.2,18
2021-07-09,28.7,0.00,20.6,360
2021-07-10,28.7,0.00,16.6,356
2021-07-11,28.5,0.00,16.7,350
2021-07-12,29.8,0.00,13.7,4
2021-07-13,30.3,0.00,13.1,6
2021-07-14,31.2,0.00,13.4,2
2021-07-15,31.3,0.00,14.4,0
2021-07-16,30.6,0.00,19.6,290
2021-07-17,28.7,0.00,20.3,193
2021-07-18,27.3,0.00,17.9,180
2021-07-19,26.8,0.20,18.4,166
2021-07-20,27.5,0.00,15.3,194
2021-07-21,29.4,0.90,13.7,338
2021-07-22,28.2,0.00,16.6,12
2021-07-23,27.1,0.00,17.3,359
2021-07-24,26.6,0.00,19.9,350
2021-07-25,26.8,0.00,19.8,352
2021-07-26,28.1,0.00,15.5,358
2021-07-27,30.5,0.00,14.5,3
2021-07-28,31.9,0.00,18.2,9
2021-07-29,32.7,0.00,11.8,28
2021-07-30,33.6,0.00,15.3,83
2021-07-31,33.7,0.00,17.4,177
2021-08-01,33.3,0.00,15.5,203
2021-08-02,33.3,0.00,17.7,200
2021-08-03,35.4,0.00,19.2,3
2021-08-04,34.0,0.00,19.7,193
2021-08-05,33.1,0.00,18.6,183
2021-08-06,31.7,0.00,25.6,286
2021-08-07,30.0,0.00,20.8,344
2021-08-08,28.8,0.00,17.2,73
2021-08-09,29.5,0.00,16.3,203
2021-08-10,31.0,0.00,14.8,180
2021-08-11,30.9,0.00,17.0,167
2021-08-12,30.2,0.00,17.4,16
2021-08-13,30.1,0.00,18.0,17
2021-08-14,27.4,0.00,21.7,9
2021-08-15,27.1,0.00,17.4,360
2021-08-16,28.0,0.00,14.4,347
2021-08-17,27.4,0.00,19.6,182
2021-08-18,29.0,0.00,14.2,171
2021-08-19,28.9,0.10,14.4,37
2021-08-20,28.4,0.00,17.8,36
2021-08-21,27.8,0.00,18.6,355
2021-08-22,27.1,0.00,20.2,346
2021-08-23,26.7,0.00,17.7,349
2021-08-24,27.1,0.00,15.8,343
2021-08-25,27.0,0.00,21.3,183
2021-08-26,28.6,0.00,16.9,200
2021-08-27,28.3,0.00,17.2,206
2021-08-28,27.4,0.00,19.0,201
2021-08-29,27.8,0.00,20.4,226
2021-08-30,27.5,0.00,21.9,217
2021-08-31,27.0,0.00,19.3,211
2021-09-01,26.8,0.50,16.8,223
2021-09-02,25.8,0.00,18.9,359
2021-09-03,24.4,0.00,16.0,9
2021-09-04,24.3,0.00,17.8,36
2021-09-05,25.0,0.40,8.4,10
2021-09-06,22.8,0.10,21.5,8
2021-09-07,22.3,0.00,22.7,6
2021-09-08,20.9,3.30,16.0,350
2021-09-09,20.6,0.20,15.0,330
2021-09-10,21.6,0.80,13.3,342
2021-09-11,22.2,0.10,14.1,75
2021-09-12,22.9,0.00,14.8,12
2021-09-13,23.7,0.00,19.4,345
2021-09-14,24.6,0.00,18.0,347
2021-09-15,24.6,0.00,11.9,15
2021-09-16,25.2,0.00,17.1,167
2021-09-17,25.2,0.00,14.1,173
2021-09-18,29.3,0.00,24.7,281
2021-09-19,28.4,0.00,16.4,224
2021-09-20,28.3,0.00,15.3,263
2021-09-21,26.1,0.00,21.0,146
2021-09-22,22.6,6.00,11.0,44
2021-09-23,17.5,1.00,18.7,18
2021-09-24,19.0,0.00,18.1,278
2021-09-25,21.5,0.00,14.1,90
2021-09-26,23.0,0.00,12.2,8
2021-09-27,24.1,0.00,15.3,17
2021-09-28,23.7,0.00,14.8,49
2021-09-29,21.5,0.00,15.5,8
2021-09-30,20.0,0.00,17.9,8
2021-10-01,18.5,0.00,22.2,6
2021-10-02,17.5,0.00,19.5,352
2021-10-03,17.8,0.00,15.5,357
2021-10-04,18.1,0.00,14.4,354
2021-10-05,18.4,0.00,12.4,7
2021-10-06,17.9,0.00,13.2,5
2021-10-07,18.1,0.00,13.7,70
2021-10-08,18.7,12.80,15.0,84
2021-10-09,19.3,6.40,7.8,9
2021-10-10,20.0,2.30,14.3,120
2021-10-11,20.3,5.30,14.0,188
2021-10-12,17.0,0.30,19.1,298
2021-10-13,17.2,0.60,12.3,85
2021-10-14,17.5,25.30,17.9,133
2021-10-15,17.3,24.60,29.5,146
2021-10-16,17.2,0.00,19.2,266
2021-10-17,15.8,1.60,8.9,23
2021-10-18,16.0,0.30,9.8,25
2021-10-19,15.6,0.00,12.4,14
2021-10-20,14.9,0.00,14.9,354
2021-10-21,15.4,0.00,10.1,213
2021-10-22,18.2,0.00,15.4,242
2021-10-23,19.4,0.10,10.7,246
2021-10-24,18.3,0.90,19.2,27
2021-10-25,14.4,1.70,17.7,21
2021-10-26,13.5,0.00,16.4,4
2021-10-27,14.3,0.00,15.7,13
2021-10-28,14.3,0.00,19.0,19
2021-10-29,13.7,0.00,18.1,10
2021-10-30,14.1,0.00,16.4,358
2021-10-31,14.6,0.20,10.8,8
2021-11-01,14.1,0.30,14.3,32
2021-11-02,17.5,1.10,27.1,176
2021-11-03,18.3,0.00,9.8,60
2021-11-04,18.3,0.00,7.1,92
2021-11-05,19.0,0.00,8.8,20
2021-11-06,18.6,0.00,8.4,360
2021-11-07,17.0,0.00,13.2,6
2021-11-08,15.5,0.00,8.7,43
2021-11-09,16.8,0.00,10.8,62
2021-11-10,13.5,0.00,21.4,24
2021-11-11,12.0,0.00,15.6,3
2021-11-12,12.1,0.00,10.3,8
2021-11-13,11.6,0.00,12.2,39
2021-11-14,13.7,0.00,10.2,47
2021-11-15,14.6,0.00,11.5,22
2021-11-16,13.8,0.00,19.9,12
2021-11-17,12.1,0.00,10.9,9
2021-11-18,12.1,0.00,12.8,49
2021-11-19,12.3,1.80,11.5,25
2021-11-20,11.8,0.00,17.7,347
2021-11-21,13.7,0.00,9.5,14
2021-11-22,15.5,1.10,17.3,170
2021-11-23,16.4,15.80,12.8,102
2021-11-24,13.0,5.40,16.5,11
2021-11-25,10.6,0.00,10.7,13
2021-11-26,13.4,6.00,26.8,126
2021-11-27,17.1,7.70,29.1,193
2021-11-28,16.7,0.00,26.2,196
2021-11-29,16.9,3.00,26.1,217
2021-11-30,11.1,0.20,29.6,268
2021-12-01,9.4,0.00,12.4,291
2021-12-02,12.6,0.00,13.9,233
2021-12-03,15.4,8.20,27.8,185
2021-12-04,13.5,35.30,21.8,168
2021-12-05,12.2,0.00,8.6,308
2021-12-06,15.0,15.60,33.1,182
2021-12-07,11.4,15.80,18.4,224
2021-12-08,9.9,0.00,16.6,289
2021-12-09,14.1,0.00,33.3,187
2021-12-10,13.3,4.60,31.3,211
2021-12-11,14.6,12.50,42.5,183
2021-12-12,13.4,1.60,16.4,216
2021-12-13,10.1,0.00,13.0,321
2021-12-14,6.7,49.10,21.4,338
2021-12-15,8.8,3.40,17.4,7
2021-12-16,7.5,0.00,12.6,4
2021-12-17,7.4,0.00,13.4,349
2021-12-18,5.8,7.10,20.2,354
2021-12-19,4.7,0.00,23.1,345
2021-12-20,7.0,0.00,13.1,12
2021-12-21,7.0,0.50,13.7,23
2021-12-22,7.4,0.00,11.3,20
2021-12-23,5.9,0.00,14.4,28
2021-12-24,7.8,0.00,15.7,289
2021-12-25,11.3,0.00,8.4,291
2021-12-26,12.7,0.00,13.1,143
2021-12-27,13.6,0.00,20.2,171
2021-12-28,13.1,20.50,21.0,159
2021-12-29,11.7,0.40,8.2,7
2021-12-30,10.5,3.50,17.3,355
2021-12-31,11.2,0.10,20.6,6
2022-01-01,10.4,0.00,10.7,23
2022-01-02,11.4,0.00,12.1,9
2022-01-03,12.2,0.00,11.8,253
2022-01-04,11.9,0.00,8.4,245
2022-01-05,12.4,0.00,13.0,238
2022-01-06,13.4,1.10,21.6,151
2022-01-07,13.1,0.50,13.9,87
2022-01-08,11.1,8.10,10.9,62
2022-01-09,10.7,6.70,14.3,47
2022-01-10,9.7,3.50,15.3,84
2022-01-11,10.2,14.70,29.9,24
2022-01-12,5.5,13.00,26.6,9
2022-01-13,3.3,0.00,23.2,9
2022-01-14,4.5,0.00,12.3,348
2022-01-15,6.9,0.00,17.3,20
2022-01-16,6.6,0.00,13.0,31
2022-01-17,8.1,0.00,9.8,18
2022-01-18,7.1,0.00,24.9,1
2022-01-19,4.6,0.80,17.4,27
2022-01-20,7.4,0.00,11.1,291
2022-01-21,9.5,0.00,14.8,326
2022-01-22,3.4,4.60,25.6,357
2022-01-23,1.3,0.00,23.9,352
2022-01-24,1.4,5.20,27.2,4
2022-01-25,2.1,0.00,21.4,0
2022-01-26,1.3,0.00,16.9,335
2022-01-27,3.5,0.00,12.4,355
2022-01-28,6.2,0.00,11.3,327
2022-01-29,6.1,3.60,23.9,17
2022-01-30,7.3,0.00,16.8,12
2022-01-31,8.1,0.00,14.6,222
2022-02-01,12.3,11.30,28.9,182
2022-02-02,9.3,8.70,28.5,63
2022-02-03,6.5,2.00,23.4,357
2022-02-04,7.8,0.00,12.2,323
2022-02-05,9.2,0.00,10.6,18
2022-02-06,9.9,0.00,16.2,16
2022-02-07,11.6,0.00,18.7,241
2022-02-08,6.8,7.30,28.1,325
2022-02-09,6.8,0.00,16.3,334
2022-02-10,7.3,0.00,13.0,10
2022-02-11,9.4,0.00,9.8,38
2022-02-12,10.8,0.80,9.9,67
2022-02-13,8.8,0.80,14.4,357
2022-02-14,7.6,0.00,11.4,37
2022-02-15,9.3,0.00,10.6,44
2022-02-16,11.2,0.50,17.2,158
2022-02-17,11.2,7.40,17.7,134
2022-02-18,11.3,0.00,17.7,351
2022-02-19,10.9,0.00,13.0,62
2022-02-20,12.8,0.00,9.1,243
2022-02-21,13.7,0.00,9.8,173
2022-02-22,12.5,0.00,14.3,253
2022-02-23,11.3,0.50,21.4,7
2022-02-24,9.0,0.30,25.9,358
2022-02-25,8.7,0.00,12.2,339
2022-02-26,9.5,0.00,11.5,81
2022-02-27,11.1,12.40,32.1,175
2022-02-28,8.0,2.00,17.2,38
2022-03-01,7.7,0.10,18.1,43
2022-03-02,6.2,0.20,26.6,20
2022-03-03,6.8,0.00,12.4,339
2022-03-04,9.2,0.20,9.5,83
2022-03-05,10.6,7.00,10.6,63
2022-03-06,11.3,1.60,12.8,331
2022-03-07,9.5,0.10,15.5,12
2022-03-08,8.9,1.30,13.1,3
2022-03-09,6.0,2.00,21.2,21
2022-03-10,3.7,0.80,21.3,358
2022-03-11,2.1,0.10,15.8,17
2022-03-12,1.4,1.40,22.0,32
2022-03-13,3.4,0.00,12.0,30
2022-03-14,5.6,0.10,16.8,19
2022-03-15,7.2,0.00,11.2,355
2022-03-16,9.7,0.00,13.3,194
2022-03-17,10.2,0.70,18.4,38
2022-03-18,6.1,0.00,21.4,29
2022-03-19,4.6,0.00,21.1,33
2022-03-20,5.0,0.40,27.3,29
2022-03-21,5.6,0.00,24.6,10
2022-03-22,8.1,2.00,29.5,7
2022-03-23,7.5,0.70,24.9,6
2022-03-24,11.5,0.00,16.9,348
2022-03-25,14.8,0.00,13.4,310
2022-03-26,12.3,0.00,16.3,54
2022-03-27,13.5,0.00,12.3,153
2022-03-28,13.2,0.30,9.1,91
2022-03-29,13.4,0.00,13.0,88
2022-03-30,13.9,0.00,15.9,158
2022-03-31,14.8,0.20,20.9,143
2022-04-01,16.9,1.40,25.8,169
2022-04-02,15.1,0.00,18.8,234
2022-04-03,13.6,0.00,15.8,250
2022-04-04,13.3,0.00,11.6,83
2022-04-05,14.4,0.00,14.5,25
2022-04-06,14.5,0.30,12.9,175
2022-04-07,16.5,1.30,23.4,256
2022-04-08,17.3,0.00,19.3,269
2022-04-09,17.0,0.00,18.1,224
2022-04-10,15.7,0.00,23.9,256
2022-04-11,13.1,0.00,20.2,338
2022-04-12,12.6,0.00,20.1,183
2022-04-13,13.8,0.00,17.9,164
2022-04-14,14.6,0.00,14.2,100
2022-04-15,15.8,0.00,10.8,39
2022-04-16,16.4,1.40,12.8,99
2022-04-17,14.2,13.80,20.9,17
2022-04-18,10.9,2.10,15.1,31
2022-04-19,11.4,1.40,9.4,66
2022-04-20,12.8,0.00,16.9,215
2022-04-21,15.2,0.00,14.4,163
2022-04-22,16.1,0.00,17.0,146
2022-04-23,18.1,0.00,17.0,188
2022-04-24,19.1,0.00,15.1,204
2022-04-25,19.6,0.00,13.7,195
2022-04-26,20.7,0.00,18.9,201
2022-04-27,20.8,0.00,18.0,212
2022-04-28,21.4,0.00,10.4,20
2022-04-29,18.6,0.00,25.1,0
2022-04-30,18.5,0.00,19.8,356
2022-05-01,18.1,0.00,15.3,14
2022-05-02,15.2,13.70,15.8,352
2022-05-03,15.7,0.90,17.1,26
2022-05-04,15.4,5.40,10.5,270
2022-05-05,17.1,0.10,17.3,189
2022-05-06,17.2,0.00,19.2,52
2022-05-07,17.2,0.00,14.5,20
2022-05-08,16.7,5.40,12.8,353
2022-05-09,18.1,0.00,18.8,1
2022-05-10,18.1,0.00,13.0,354
2022-05-11,19.5,0.00,14.6,359
2022-05-12,20.4,0.00,16.5,154
2022-05-13,20.9,0.00,14.8,180
2022-05-14,20.3,0.00,15.3,192
2022-05-15,21.5,0.00,19.9,185
2022-05-16,23.8,0.00,12.4,189
2022-05-17,23.0,0.00,15.5,207
2022-05-18,23.3,0.00,23.8,72
2022-05-19,16.5,0.60,34.5,17
2022-05-20,18.6,0.00,23.2,4
2022-05-21,21.8,0.00,15.2,339
2022-05-22,24.0,0.00,21.7,207
2022-05-23,24.2,0.00,23.0,204
2022-05-24,24.4,0.00,17.0,182
2022-05-25,24.8,0.00,14.6,177
2022-05-26,26.2,0.00,16.0,199
2022-05-27,26.0,0.00,16.9,211
2022-05-28,25.8,0.00,15.5,147
2022-05-29,25.1,0.20,19.6,173
2022-05-30,23.7,0.00,23.1,205
2022-05-31,25.8,0.00,19.4,207
2022-06-01,26.6,0.10,14.7,290
2022-06-02,27.2,0.00,19.8,360
2022-06-03,28.0,0.00,23.7,1
2022-06-04,28.0,0.00,27.5,4
2022-06-05,28.9,0.00,18.1,342
2022-06-06,27.7,0.30,18.0,83
2022-06-07,24.0,2.60,9.9,24
2022-06-08,23.2,0.00,16.9,189
2022-06-09,24.6,0.00,15.8,200
2022-06-10,24.1,0.20,27.8,170
2022-06-11,22.1,3.30,10.5,340
2022-06-12,24.6,0.10,16.6,322
2022-06-13,25.5,0.70,17.9,350
2022-06-14,27.3,0.00,13.9,1
2022-06-15,26.4,0.10,15.9,356
2022-06-16,26.0,0.10,14.7,0
2022-06-17,25.7,0.00,16.3,291
2022-06-18,25.1,0.00,19.1,356
2022-06-19,24.3,0.00,21.3,357
2022-06-20,24.2,0.00,22.9,293
2022-06-21,27.5,0.00,25.0,228
2022-06-22,29.3,0.00,22.9,197
2022-06-23,29.6,0.00,20.1,166
2022-06-24,28.5,0.00,17.8,20
2022-06-25,26.2,0.00,16.3,171
2022-06-26,28.6,0.00,16.4,312
2022-06-27,27.9,0.20,11.8,312
2022-06-28,28.8,0.00,16.9,359
2022-06-29,28.5,0.00,19.5,355
2022-06-30,29.3,0.00,18.8,354
2022-07-01,29.8,0.00,13.2,4
2022-07-02,30.0,0.00,18.1,4
2022-07-03,27.8,0.00,19.8,3
2022-07-04,26.8,0.00,18.4,347
2022-07-05,27.6,0.00,18.4,347
2022-07-06,29.4,0.00,12.2,278
2022-07-07,28.9,0.00,22.1,333
2022-07-08,27.7,0.00,16.9,175
2022-07-09,23.3,3.30,21.3,343
2022-07-10,25.3,0.20,20.4,357
2022-07-11,26.2,0.20,15.5,358
2022-07-12,26.5,0.00,16.5,322
2022-07-13,25.6,0.00,21.3,350
2022-07-14,25.7,0.00,24.2,360
2022-07-15,28.0,0.00,18.6,358
2022-07-16,30.1,0.00,15.9,354
2022-07-17,31.0,0.00,16.4,16
2022-07-18,28.1,0.00,20.8,15
2022-07-19,25.2,0.00,20.4,3
2022-07-20,25.3,0.00,18.8,356
2022-07-21,28.6,0.00,16.3,360
2022-07-22,30.2,0.00,17.4,199
2022-07-23,31.2,0.00,14.5,25
2022-07-24,32.3,0.00,17.2,159
2022-07-25,31.5,0.00,14.0,29
2022-07-26,30.8,0.00,12.1,3
2022-07-27,31.1,0.00,12.1,13
2022-07-28,30.1,0.00,19.0,354
2022-07-29,28.9,0.00,17.6,344
2022-07-30,30.3,0.00,15.3,331
2022-07-31,29.6,0.00,20.1,142
2022-08-01,29.4,1.60,12.5,47
2022-08-02,29.3,0.00,17.3,351
2022-08-03,28.2,0.00,20.9,351
2022-08-04,28.3,0.00,19.1,348
2022-08-05,28.4,0.00,19.7,346
2022-08-06,29.3,0.00,20.5,346
2022-08-07,28.9,0.00,19.9,357
2022-08-08,28.5,0.00,22.3,5
2022-08-09,28.9,0.00,24.0,1
2022-08-10,28.4,0.00,23.7,352
2022-08-11,28.1,0.00,15.4,6
2022-08-12,27.9,0.00,13.8,355
2022-08-13,27.2,0.40,14.3,314
2022-08-14,27.3,0.00,24.8,223
2022-08-15,25.6,0.00,18.4,210
2022-08-16,27.3,0.00,21.2,187
2022-08-17,29.0,0.20,15.8,269
2022-08-18,31.0,0.00,19.5,351
2022-08-19,30.8,0.00,21.7,202
2022-08-20,30.1,0.00,18.2,158
2022-08-21,29.2,0.60,15.5,260
2022-08-22,27.0,0.90,16.4,230
2022-08-23,24.9,9.40,13.4,91
2022-08-24,22.6,9.50,14.2,339
2022-08-25,22.2,8.50,12.6,313
2022-08-26,23.3,1.70,14.1,294
2022-08-27,24.5,1.90,14.8,171
2022-08-28,25.1,0.00,14.6,213
2022-08-29,26.8,0.10,11.9,338
2022-08-30,26.3,1.40,13.1,8
2022-08-31,25.5,3.20,12.0,300
2022-09-01,25.9,0.10,15.9,118
2022-09-02,26.8,0.30,14.8,212
2022-09-03,25.9,0.50,12.3,200
2022-09-04,26.8,0.00,21.2,48
2022-09-05,24.4,0.00,20.8,17
2022-09-06,22.8,0.00,19.5,358
2022-09-07,23.1,0.00,19.8,354
2022-09-08,24.1,0.00,17.1,353
2022-09-09,25.5,0.00,15.1,190
2022-09-10,27.3,0.00,15.4,193
2022-09-11,27.3,0.00,19.8,196
2022-09-12,25.4,0.00,17.2,353
2022-09-13,24.1,0.20,17.0,329
2022-09-14,23.7,0.00,20.8,193
2022-09-15,24.6,0.00,12.3,189
2022-09-16,25.7,0.00,13.2,183
2022-09-17,26.3,0.00,13.9,203
2022-09-18,26.2,0.00,21.0,290
2022-09-19,23.5,0.00,16.6,145
2022-09-20,21.8,0.20,16.8,49
2022-09-21,21.4,0.60,13.7,24
2022-09-22,18.2,0.40,16.2,17
2022-09-23,17.9,0.00,11.4,31
2022-09-24,18.3,0.00,20.0,35
2022-09-25,20.1,0.00,14.7,171
2022-09-26,21.5,0.00,16.1,189
2022-09-27,22.6,0.00,19.8,204
2022-09-28,23.8,0.00,16.1,237
2022-09-29,23.5,0.00,11.9,209
2022-09-30,24.7,0.00,17.0,206
2022-10-01,26.1,0.00,14.7,140
2022-10-02,25.3,0.00,21.7,328
2022-10-03,22.1,0.00,16.6,109
2022-10-04,20.2,0.00,20.7,8
2022-10-05,18.5,0.00,16.9,11
2022-10-06,18.4,0.00,25.5,356
2022-10-07,18.9,0.00,27.5,4
2022-10-08,19.4,0.00,18.2,4
2022-10-09,19.5,0.00,13.5,74
2022-10-10,19.9,0.00,11.5,18
2022-10-11,19.4,0.00,19.7,64
2022-10-12,20.0,0.00,9.0,358
2022-10-13,19.6,0.00,11.2,348
2022-10-14,17.4,6.00,15.8,35
2022-10-15,17.1,2.70,21.7,5
2022-10-16,16.9,0.00,19.2,359
2022-10-17,16.4,0.00,20.7,1
2022-10-18,16.6,0.00,22.1,1
2022-10-19,17.4,0.00,9.8,342
2022-10-20,16.4,0.00,12.5,7
2022-10-21,15.7,0.00,14.8,6
2022-10-22,16.3,0.00,14.0,357
2022-10-23,19.7,0.00,9.4,73
2022-10-24,19.5,0.00,11.9,21
2022-10-25,21.2,0.00,8.4,33
2022-10-26,20.1,0.00,12.6,58
2022-10-27,20.0,0.00,13.2,17
2022-10-28,17.9,0.00,20.9,1
2022-10-29,16.8,0.00,16.8,8
2022-10-30,16.6,0.00,15.1,358
2022-10-31,17.7,0.00,9.0,6
2022-11-01,18.5,0.00,13.2,352
2022-11-02,19.3,0.00,13.3,20
2022-11-03,20.2,0.00,10.5,47
2022-11-04,20.0,0.00,8.7,96
2022-11-05,18.4,11.70,26.9,161
2022-11-06,15.4,43.20,22.2,134
2022-11-07,15.6,0.10,13.4,355
2022-11-08,14.9,0.00,11.3,9
2022-11-09,14.8,0.00,9.7,20
2022-11-10,14.4,0.00,10.1,22
2022-11-11,14.5,0.00,15.5,360
2022-11-12,13.4,0.30,14.1,4
2022-11-13,13.5,0.00,10.7,5
2022-11-14,13.7,0.00,15.0,355
2022-11-15,13.4,0.00,9.8,29
2022-11-16,15.3,0.00,14.3,259
2022-11-17,18.2,0.40,14.5,194
2022-11-18,18.3,0.00,11.6,239
2022-11-19,19.8,0.80,20.9,179
2022-11-20,20.0,0.00,31.4,177
2022-11-21,16.5,2.80,22.5,247
2022-11-22,15.8,0.00,27.8,203
2022-11-23,15.3,5.60,20.3,217
2022-11-24,13.3,0.00,12.2,305
2022-11-25,11.2,0.00,18.0,336
2022-11-26,11.1,0.00,15.4,36
2022-11-27,11.3,0.00,20.6,29
2022-11-28,10.8,1.50,19.8,1
2022-11-29,11.4,0.00,17.7,3
2022-11-30,12.3,25.10,22.4,56
2022-12-01,14.3,9.20,16.8,155
2022-12-02,12.4,0.00,13.3,49
2022-12-03,13.1,0.10,12.5,38
2022-12-04,12.0,0.00,11.2,8
2022-12-05,11.7,0.00,10.9,29
2022-12-06,11.8,0.00,10.1,45
2022-12-07,12.9,2.70,15.1,75
2022-12-08,14.2,1.90,9.2,103
2022-12-09,15.8,1.00,15.5,144
2022-12-10,16.9,0.10,26.3,170
2022-12-11,16.2,1.80,28.1,203
2022-12-12,14.8,0.00,12.9,230
2022-12-13,14.1,0.00,10.7,15
2022-12-14,13.1,0.10,17.0,124
2022-12-15,17.4,0.10,15.2,147
2022-12-16,16.8,0.00,9.7,123
2022-12-17,16.5,0.00,12.6,123
2022-12-18,16.5,0.00,8.5,48
2022-12-19,11.6,0.00,18.4,27
2022-12-20,8.3,0.00,22.4,5
2022-12-21,8.0,0.00,13.0,360
2022-12-22,7.4,0.00,10.0,29
2022-12-23,9.8,0.00,11.1,9
2022-12-24,10.1,0.00,9.2,26
2022-12-25,10.4,0.00,10.7,13
2022-12-26,11.9,0.00,10.2,58
2022-12-27,13.6,0.00,7.3,84
2022-12-28,11.3,0.00,11.0,21
2022-12-29,11.8,0.00,9.9,25
2022-12-30,11.2,0.00,9.0,29
2022-12-31,11.1,0.00,10.6,41
2023-01-01,10.1,0.00,10.6,10
2023-01-02,10.5,0.00,9.7,7
2023-01-03,10.7,0.00,9.2,28
2023-01-04,10.1,0.00,9.9,5
2023-01-05,11.4,0.00,11.2,347
2023-01-06,10.8,0.00,10.3,12
2023-01-07,10.1,0.00,12.2,31
2023-01-08,10.0,0.00,13.5,17
2023-01-09,11.5,0.00,10.2,184
2023-01-10,12.5,23.00,32.4,207
2023-01-11,9.1,0.00,9.8,342
2023-01-12,9.5,0.00,15.5,347
2023-01-13,9.0,0.30,14.8,354
2023-01-14,8.4,0.00,11.5,359
2023-01-15,9.4,0.00,13.7,4
2023-01-16,10.0,0.00,15.3,179
2023-01-17,15.0,0.10,25.7,193
2023-01-18,15.8,0.00,28.5,180
2023-01-19,15.5,0.10,29.2,176
2023-01-20,12.3,21.60,29.2,193
2023-01-21,13.1,19.70,27.0,181
2023-01-22,12.1,3.80,14.6,114
2023-01-23,12.6,0.20,14.2,124
2023-01-24,12.0,0.00,16.8,46
2023-01-25,9.9,0.10,20.7,47
2023-01-26,9.0,22.80,26.3,63
2023-01-27,8.4,1.40,10.8,23
2023-01-28,9.8,0.10,10.3,353
2023-01-29,8.9,0.10,15.9,8
2023-01-30,6.7,0.10,10.4,13
2023-01-31,6.4,0.30,16.2,359
2023-02-01,6.8,0.00,17.7,346
2023-02-02,9.7,0.00,17.3,268
2023-02-03,7.1,0.00,19.9,356
2023-02-04,8.1,2.30,14.6,319
2023-02-05,3.0,32.00,26.7,346
2023-02-06,3.0,0.00,21.8,4
2023-02-07,2.6,0.50,19.2,13
2023-02-08,2.5,0.00,20.7,23
2023-02-09,4.6,0.10,21.0,25
2023-02-10,5.5,0.00,19.5,20
2023-02-11,4.4,0.00,17.5,6
2023-02-12,5.0,0.00,12.6,357
2023-02-13,6.2,0.00,19.2,3
2023-02-14,6.5,0.00,11.3,357
2023-02-15,6.8,0.00,14.3,10
2023-02-16,8.5,0.00,12.7,348
2023-02-17,10.9,0.00,7.6,219
2023-02-18,12.0,0.00,12.1,216
2023-02-19,12.2,0.00,14.2,229
2023-02-20,12.6,0.00,14.4,355
2023-02-21,12.8,0.00,11.5,117
2023-02-22,13.6,0.00,8.4,134
2023-02-23,12.2,0.10,12.0,64
2023-02-24,12.6,0.00,9.4,123
2023-02-25,12.5,0.00,13.8,142
2023-02-26,14.9,0.00,23.7,162
2023-02-27,15.8,0.00,18.9,150
2023-02-28,15.0,0.50,18.1,58
2023-03-01,14.2,0.00,13.3,348
2023-03-02,12.6,4.10,10.7,32
2023-03-03,11.8,1.90,11.1,114
2023-03-04,12.3,7.80,17.7,160
2023-03-05,11.1,1.10,11.2,291
2023-03-06,10.9,0.00,16.8,244
2023-03-07,13.2,0.00,21.4,211
2023-03-08,13.1,0.00,14.8,257
2023-03-09,13.2,0.00,16.7,231
2023-03-10,14.9,0.00,20.1,200
2023-03-11,15.6,8.70,20.8,244
2023-03-12,13.6,0.20,17.3,9
2023-03-13,9.9,0.00,23.9,4
2023-03-14,10.9,0.00,12.4,344
2023-03-15,12.8,2.40,17.3,180
2023-03-16,12.0,0.30,14.4,14
2023-03-17,9.5,11.10,18.4,11
2023-03-18,9.8,0.00,14.6,355
2023-03-19,10.4,0.00,16.3,354
2023-03-20,13.3,0.00,12.9,315
2023-03-21,14.4,0.70,10.1,64
2023-03-22,13.7,0.80,9.4,10
2023-03-23,12.8,0.10,12.5,32
2023-03-24,13.6,0.00,14.6,4
2023-03-25,15.0,0.00,11.9,174
2023-03-26,17.8,0.00,18.2,137
2023-03-27,16.5,0.00,22.9,225
2023-03-28,12.3,11.00,27.4,294
2023-03-29,10.1,0.00,20.1,321
2023-03-30,13.4,0.00,20.3,268
2023-03-31,15.0,0.00,20.9,230
2023-04-01,16.4,0.10,16.3,233
2023-04-02,15.6,1.80,9.2,100
2023-04-03,14.9,4.10,22.6,125
2023-04-04,13.6,4.20,16.4,227
2023-04-05,13.7,0.00,21.6,269
2023-04-06,12.2,6.10,16.1,288
2023-04-07,11.4,0.00,12.8,92
2023-04-08,12.2,0.00,12.7,108
2023-04-09,12.7,0.40,17.0,60
2023-04-10,11.9,4.70,13.4,7
2023-04-11,12.6,0.00,17.1,334
2023-04-12,14.7,0.00,22.0,287
2023-04-13,15.3,0.00,16.2,148
2023-04-14,16.1,0.00,24.5,150
2023-04-15,16.5,0.00,14.8,210
2023-04-16,16.1,0.00,13.8,192
2023-04-17,16.3,7.50,18.4,159
2023-04-18,15.5,0.80,18.2,208
2023-04-19,15.0,3.70,14.6,306
2023-04-20,14.8,0.90,12.7,107
2023-04-21,16.2,0.70,10.2,159
2023-04-22,15.3,5.50,13.0,72
2023-04-23,14.9,1.30,11.0,12
2023-04-24,16.0,0.00,15.0,189
2023-04-25,17.3,0.00,22.2,226
2023-04-26,16.9,1.10,22.3,270
2023-04-27,15.2,0.00,18.1,357
2023-04-28,14.7,0.00,19.4,1
2023-04-29,14.9,0.00,19.4,180
2023-04-30,16.5,2.30,14.3,173
2023-05-01,16.0,0.30,8.4,152
2023-05-02,16.1,5.30,14.8,89
2023-05-03,17.1,1.00,17.5,126
2023-05-04,17.2,5.20,15.0,123
2023-05-05,16.6,6.70,12.8,353
2023-05-06,17.7,0.00,21.3,351
2023-05-07,19.1,0.00,15.5,2
2023-05-08,19.5,0.00,15.0,175
2023-05-09,18.8,0.30,12.1,18
2023-05-10,16.8,0.00,14.5,15
2023-05-11,15.5,2.40,12.6,359
2023-05-12,17.3,0.00,13.9,348
2023-05-13,17.5,0.00,11.9,168
2023-05-14,19.4,0.00,12.8,201
2023-05-15,20.9,0.00,12.9,174
2023-05-16,20.3,0.30,17.6,156
2023-05-17,20.2,0.10,24.7,259
2023-05-18,20.0,2.20,12.2,298
2023-05-19,20.2,0.00,9.7,349
2023-05-20,21.0,0.00,19.9,49
2023-05-21,19.6,22.50,11.2,322
2023-05-22,18.6,13.10,9.4,345
2023-05-23,19.5,0.10,14.4,357
2023-05-24,19.0,6.40,12.2,36
2023-05-25,20.3,6.10,10.0,98
2023-05-26,20.6,0.50,13.4,30
2023-05-27,20.7,0.20,16.6,4
2023-05-28,20.1,0.80,15.6,347
2023-05-29,19.8,3.90,17.0,347
2023-05-30,19.6,10.70,17.3,65
2023-05-31,19.8,11.90,10.4,62
2023-06-01,21.5,0.40,19.6,35
2023-06-02,18.9,2.60,16.9,210
2023-06-03,21.4,0.00,18.0,75
2023-06-04,21.3,0.00,13.1,95
2023-06-05,21.9,0.00,12.3,22
2023-06-06,22.1,0.00,10.8,358
2023-06-07,22.7,0.00,17.5,325
2023-06-08,23.5,2.20,11.6,329
2023-06-09,23.7,0.00,16.5,224
2023-06-10,24.2,0.10,16.8,186
2023-06-11,23.0,11.20,14.8,39
2023-06-12,22.7,5.60,12.5,2
2023-06-13,21.7,4.80,13.0,25
2023-06-14,22.1,0.30,14.7,203
2023-06-15,22.8,0.00,14.3,135
2023-06-16,23.3,2.10,9.7,24
2023-06-17,21.6,8.60,12.7,307
2023-06-18,20.5,27.30,14.9,336
2023-06-19,23.0,0.00,14.7,260
2023-06-20,24.1,0.00,21.5,238
2023-06-21,24.5,0.00,18.4,108
2023-06-22,26.7,0.00,14.2,25
2023-06-23,27.8,0.00,15.2,22
2023-06-24,28.1,0.00,16.8,46
2023-06-25,27.8,0.00,17.3,217
2023-06-26,27.0,0.70,15.6,359
2023-06-27,26.6,0.70,10.5,11
2023-06-28,26.1,0.00,19.3,183
2023-06-29,27.1,1.30,11.4,55
2023-06-30,25.2,1.20,15.3,185
2023-07-01,26.2,0.00,17.9,181
2023-07-02,27.2,0.00,15.5,185
2023-07-03,27.6,0.60,10.4,130
2023-07-04,28.1,0.80,8.3,209
2023-07-05,28.9,0.20,13.8,292
2023-07-06,28.7,0.20,19.1,343
2023-07-07,30.3,0.20,13.7,317
2023-07-08,29.2,0.00,23.4,4
2023-07-09,27.2,0.00,23.3,199
2023-07-10,28.2,0.00,14.8,19
2023-07-11,29.0,0.00,21.9,173
2023-07-12,30.6,0.00,18.9,214
2023-07-13,31.9,0.00,20.0,205
2023-07-14,33.6,0.00,16.9,218
2023-07-15,33.6,0.00,17.3,59
2023-07-16,31.9,0.00,18.1,16
2023-07-17,30.9,0.00,20.3,358
2023-07-18,31.7,0.00,19.2,4
2023-07-19,32.5,0.00,19.2,21
2023-07-20,32.7,0.00,18.0,205
2023-07-21,33.8,0.00,15.6,161
2023-07-22,33.4,0.00,17.5,195
2023-07-23,34.8,0.00,20.2,208
2023-07-24,32.8,0.00,13.4,63
2023-07-25,31.5,0.00,13.7,196
2023-07-26,33.6,0.00,15.7,227
2023-07-27,31.5,0.00,26.6,324
2023-07-28,28.2,0.00,16.2,112
2023-07-29,28.8,0.00,17.5,179
2023-07-30,30.2,0.00,14.0,6
2023-07-31,30.6,0.00,16.4,115
2023-08-01,29.3,0.20,11.5,94
2023-08-02,29.6,0.00,16.5,195
2023-08-03,29.9,0.00,14.0,189
2023-08-04,30.8,0.00,15.2,183
2023-08-05,30.1,0.00,19.8,193
2023-08-06,28.6,0.00,23.7,270
2023-08-07,27.5,0.00,21.6,198
2023-08-08,28.5,0.00,21.9,3
2023-08-09,27.0,0.00,22.9,4
2023-08-10,26.4,0.10,21.3,194
2023-08-11,25.4,2.40,14.7,5
2023-08-12,26.0,0.00,19.9,352
2023-08-13,25.7,0.20,19.5,354
2023-08-14,25.9,3.20,12.3,332
2023-08-15,26.8,0.00,14.8,282
2023-08-16,28.2,0.00,14.3,317
2023-08-17,28.4,0.00,23.5,347
2023-08-18,29.0,0.00,19.8,347
2023-08-19,28.8,0.00,16.4,338
2023-08-20,28.9,0.00,18.3,346
2023-08-21,31.1,0.00,25.9,14
2023-08-22,31.7,0.00,15.8,10
2023-08-23,30.4,0.00,19.6,12
2023-08-24,30.7,0.00,15.7,356
2023-08-25,30.4,0.00,15.5,350
2023-08-26,29.2,0.10,21.2,347
2023-08-27,29.9,0.00,19.2,359
2023-08-28,28.4,0.00,16.9,187
2023-08-29,28.1,0.00,16.8,194
2023-08-30,27.5,0.00,24.0,248
2023-08-31,27.2,0.00,26.0,259
2023-09-01,26.6,0.00,20.4,304
2023-09-02,26.8,0.00,18.0,355
2023-09-03,26.5,0.00,20.5,1
2023-09-04,23.3,0.80,17.6,354
2023-09-05,22.6,2.10,21.4,36
2023-09-06,22.7,23.40,16.6,57
2023-09-07,23.5,1.00,27.7,19
2023-09-08,23.5,0.00,16.9,15
2023-09-09,22.8,0.00,18.4,1
2023-09-10,22.6,0.00,20.7,8
2023-09-11,21.5,0.00,17.5,0
2023-09-12,21.8,0.00,14.8,354
2023-09-13,24.2,0.00,9.7,13
2023-09-14,25.5,0.00,14.4,240
2023-09-15,26.5,0.00,14.0,232
2023-09-16,26.8,0.00,11.9,38
2023-09-17,24.7,0.00,17.0,354
2023-09-18,23.1,0.00,19.5,348
2023-09-19,22.7,0.00,16.1,356
2023-09-20,24.4,0.00,17.2,240
2023-09-21,25.8,0.00,13.8,243
2023-09-22,26.9,0.00,12.4,222
2023-09-23,28.1,0.00,13.3,202
2023-09-24,27.5,0.00,9.7,188
2023-09-25,25.5,1.30,9.6,43
2023-09-26,23.7,1.70,10.5,14
2023-09-27,21.3,9.40,17.9,351
2023-09-28,21.3,0.60,10.8,337
2023-09-29,20.8,6.30,11.0,4
2023-09-30,20.9,1.00,17.6,332
2023-10-01,22.0,0.10,14.1,357
2023-10-02,21.6,0.30,14.8,8
2023-10-03,19.9,0.00,20.3,5
2023-10-04,20.2,0.00,15.9,1
2023-10-05,20.8,0.00,17.0,2
2023-10-06,21.9,0.00,12.3,0
2023-10-07,20.9,0.00,15.8,354
2023-10-08,21.6,0.00,16.1,263
2023-10-09,22.3,0.00,13.4,24
2023-10-10,21.5,0.00,13.6,117
2023-10-11,20.1,0.00,19.5,21
2023-10-12,18.7,0.00,13.0,354
2023-10-13,19.8,0.00,13.2,256
2023-10-14,21.1,0.00,17.8,209
2023-10-15,21.1,0.00,10.6,179
2023-10-16,21.9,0.30,10.1,16
2023-10-17,19.7,1.80,16.1,185
2023-10-18,19.5,1.70,13.4,24
2023-10-19,18.8,0.00,11.9,198
2023-10-20,20.4,0.00,14.0,118
2023-10-21,21.9,0.00,13.1,137
2023-10-22,22.2,0.00,10.5,123
2023-10-23,22.3,0.00,11.8,217
2023-10-24,21.4,0.00,12.6,206
2023-10-25,21.8,0.00,9.0,170
2023-10-26,22.4,0.00,16.4,150
2023-10-27,21.1,0.00,14.3,230
2023-10-28,22.4,0.00,16.3,239
2023-10-29,21.9,0.40,11.8,58
2023-10-30,21.2,0.30,9.7,5
2023-10-31,20.5,0.00,11.7,171
2023-11-01,22.0,0.00,16.8,214
2023-11-02,21.3,0.00,20.0,243
2023-11-03,21.2,0.00,16.4,160
2023-11-04,21.9,4.50,27.4,215
2023-11-05,19.6,0.00,16.8,251
2023-11-06,21.5,0.00,17.0,249
2023-11-07,20.6,0.00,11.9,42
2023-11-08,20.5,0.00,11.5,202
2023-11-09,17.9,0.10,9.6,28
2023-11-10,17.3,2.30,12.6,183
2023-11-11,18.5,2.40,31.4,244
2023-11-12,18.7,0.30,14.8,242
2023-11-13,16.8,5.40,15.0,1
2023-11-14,16.8,0.00,8.9,323
2023-11-15,18.6,0.00,16.6,243
2023-11-16,16.5,0.00,12.1,24
2023-11-17,17.2,0.00,11.5,230
2023-11-18,14.4,1.30,24.5,309
2023-11-19,10.4,0.00,20.8,344
2023-11-20,14.1,0.00,7.6,68
2023-11-21,15.6,0.00,10.5,344
2023-11-22,16.9,14.00,18.0,151
2023-11-23,16.7,2.80,13.1,58
2023-11-24,15.4,0.00,7.7,24
2023-11-25,15.9,9.70,31.3,216
2023-11-26,8.9,0.00,30.2,298
2023-11-27,8.7,0.00,19.6,352
2023-11-28,15.2,3.80,24.0,200
2023-11-29,16.9,1.20,25.6,226
2023-11-30,14.9,0.00,8.6,283
2023-12-01,16.2,0.00,11.0,229
2023-12-02,17.4,0.00,16.6,173
2023-12-03,17.2,0.00,14.6,134
2023-12-04,14.9,2.90,11.0,23
2023-12-05,13.7,10.60,13.1,63
2023-12-06,13.8,5.10,16.6,273
2023-12-07,13.4,0.10,8.7,298
2023-12-08,9.0,0.00,18.7,331
2023-12-09,8.1,0.00,9.5,358
2023-12-10,9.2,4.30,8.6,34
2023-12-11,11.3,0.20,9.7,359
2023-12-12,13.1,0.00,13.7,23
2023-12-13,14.3,0.00,7.3,11
2023-12-14,16.5,0.00,9.7,122
2023-12-15,16.7,3.40,17.5,151
2023-12-16,11.3,18.60,31.4,358
2023-12-17,8.7,0.00,15.8,3
2023-12-18,8.0,0.00,9.9,339
2023-12-19,10.3,0.00,11.2,3
2023-12-20,12.4,9.60,12.1,96
2023-12-21,10.8,4.40,11.7,8
2023-12-22,11.7,0.00,14.7,280
2023-12-23,13.0,0.00,16.1,265
2023-12-24,14.8,0.00,8.1,108
2023-12-25,14.2,0.00,7.1,84
2023-12-26,13.4,0.00,9.0,126
2023-12-27,13.0,0.00,10.0,21
2023-12-28,12.3,0.00,12.7,15
2023-12-29,12.2,0.00,7.0,42
2023-12-30,11.2,0.00,9.8,39
2023-12-31,11.9,0.00,9.4,34
2024-01-01,13.8,0.70,13.2,245
2024-01-02,13.3,0.00,4.1,352
2024-01-03,13.0,0.10,19.1,259
2024-01-04,13.0,0.00,14.9,264
2024-01-05,13.4,0.00,7.4,77
2024-01-06,14.5,2.00,38.5,160
2024-01-07,14.0,5.20,29.4,209
2024-01-08,12.2,1.90,19.1,230
2024-01-09,8.5,4.50,32.4,356
2024-01-10,6.5,0.40,10.3,336
2024-01-11,6.5,0.70,8.9,359
2024-01-12,7.5,10.40,11.8,16
2024-01-13,5.6,0.00,12.2,14
2024-01-14,6.6,0.00,14.8,291
2024-01-15,10.6,0.90,20.1,210
2024-01-16,12.4,0.00,12.6,357
2024-01-17,13.0,0.00,11.5,21
2024-01-18,14.5,0.00,18.5,150
2024-01-19,15.5,0.00,10.0,235
2024-01-20,14.3,0.40,19.3,32
2024-01-21,8.0,0.00,23.9,20
2024-01-22,6.9,0.00,22.6,6
2024-01-23,7.2,0.00,10.4,332
2024-01-24,7.0,0.00,16.6,349
2024-01-25,7.9,0.00,9.3,25
2024-01-26,8.6,0.00,17.1,347
2024-01-27,8.4,0.00,13.8,347
2024-01-28,6.7,0.60,18.0,14
2024-01-29,5.3,1.20,14.1,2
2024-01-30,4.7,4.90,26.0,1
2024-01-31,5.9,0.20,19.2,349
2024-02-01,6.6,0.00,10.3,337
2024-02-02,7.6,0.00,12.4,12
2024-02-03,8.6,0.00,11.3,350
2024-02-04,10.8,0.00,13.7,327
2024-02-05,14.0,0.00,12.7,226
2024-02-06,13.5,0.00,10.2,82
2024-02-07,13.7,0.00,14.8,220
2024-02-08,13.7,0.00,14.4,162
2024-02-09,13.2,0.00,12.5,209
2024-02-10,14.0,0.00,18.8,175
2024-02-11,15.4,11.00,31.3,174
2024-02-12,13.1,8.90,34.2,207
2024-02-13,11.4,2.90,8.5,11
2024-02-14,10.1,0.10,21.3,350
2024-02-15,9.3,2.60,17.3,352
2024-02-16,9.8,0.30,11.5,338
2024-02-17,9.8,0.00,16.2,359
2024-02-18,10.1,0.00,11.2,16
2024-02-19,9.9,0.20,12.5,48
2024-02-20,10.2,0.60,11.8,39
2024-02-21,9.6,2.00,11.1,16
2024-02-22,11.8,1.20,10.2,189
2024-02-23,13.2,0.00,9.8,157
2024-02-24,14.2,0.00,16.9,151
2024-02-25,15.0,1.70,20.8,127
2024-02-26,13.1,13.00,18.8,77
2024-02-27,14.1,0.70,11.5,56
2024-02-28,14.8,2.20,16.5,98
2024-02-29,15.4,1.60,21.5,98
2024-03-01,13.4,25.70,19.7,111
2024-03-02,12.1,0.50,10.5,242
2024-03-03,13.5,0.00,8.7,171
2024-03-04,14.2,4.10,18.8,154
2024-03-05,11.7,6.50,17.9,258
2024-03-06,12.7,0.10,14.1,309
2024-03-07,12.7,0.10,9.9,253
2024-03-08,11.2,0.00,12.7,1
2024-03-09,11.3,1.00,11.3,28
2024-03-10,12.9,0.00,12.6,200
2024-03-11,14.3,0.00,20.1,167
2024-03-12,14.2,5.30,18.2,232
2024-03-13,12.1,0.10,16.1,256
2024-03-14,13.0,1.10,13.0,10
2024-03-15,12.7,0.60,9.4,51
2024-03-16,13.1,0.40,10.8,28
2024-03-17,11.7,3.70,9.2,4
2024-03-18,13.3,0.90,11.0,9
2024-03-19,13.4,3.70,16.1,269
2024-03-20,10.4,1.70,17.3,7
2024-03-21,10.8,0.00,17.9,227
2024-03-22,11.2,0.80,15.5,44
2024-03-23,11.2,0.10,11.3,29
2024-03-24,13.4,0.00,17.1,226
2024-03-25,16.0,0.00,26.5,252
2024-03-26,14.8,1.50,14.3,123
2024-03-27,18.5,0.00,16.3,123
2024-03-28,18.7,0.00,17.1,197
2024-03-29,18.9,0.00,9.9,135
2024-03-30,18.5,0.00,11.0,151
2024-03-31,18.7,0.00,11.2,139
2024-04-01,19.3,0.00,9.4,192
2024-04-02,21.3,0.00,14.5,286
2024-04-03,19.0,0.00,19.2,261
2024-04-04,18.9,0.00,15.0,184
2024-04-05,19.5,0.00,16.1,336
2024-04-06,20.0,0.00,17.9,220
2024-04-07,19.5,0.00,19.6,17
2024-04-08,16.5,0.00,23.3,0
2024-04-09,17.5,0.00,16.9,359
2024-04-10,19.1,0.00,16.2,251
2024-04-11,19.0,0.00,18.1,3
2024-04-12,20.3,0.00,21.8,7
2024-04-13,21.2,0.00,16.9,14
2024-04-14,21.9,0.00,12.8,348
2024-04-15,22.0,0.00,14.6,164
2024-04-16,20.3,0.40,16.6,145
2024-04-17,20.0,0.00,18.4,182
2024-04-18,18.8,0.00,19.9,256
2024-04-19,16.2,6.90,20.0,209
2024-04-20,15.0,6.80,25.3,294
2024-04-21,15.7,0.00,21.0,213
2024-04-22,17.6,4.30,14.0,102
2024-04-23,19.3,0.20,18.3,86
2024-04-24,19.8,0.00,19.2,226
2024-04-25,17.9,0.00,23.7,262
2024-04-26,17.0,0.00,19.6,201
2024-04-27,17.9,0.00,16.9,345
2024-04-28,18.7,0.00,19.1,347
2024-04-29,18.9,0.00,16.3,0
2024-04-30,18.1,0.00,23.9,348
2024-05-01,19.0,0.00,18.9,351
2024-05-02,18.3,0.00,15.7,209
2024-05-03,19.3,0.00,34.5,279
2024-05-04,16.9,2.90,23.8,295
2024-05-05,17.3,0.30,16.8,6
2024-05-06,18.4,0.00,15.6,200
2024-05-07,20.9,0.00,14.5,187
2024-05-08,21.3,0.00,15.0,173
2024-05-09,19.1,1.40,14.1,65
2024-05-10,17.5,2.80,22.4,8
2024-05-11,17.6,0.10,17.4,353
2024-05-12,19.9,0.10,18.3,336
2024-05-13,19.7,0.50,12.3,26
2024-05-14,17.4,0.00,13.6,141
2024-05-15,18.6,0.00,14.4,201
2024-05-16,19.3,0.30,11.9,96
2024-05-17,19.5,0.90,12.5,168
2024-05-18,20.7,0.00,15.6,204
2024-05-19,23.2,0.00,17.1,207
2024-05-20,24.3,0.00,16.6,176
2024-05-21,24.1,0.00,15.1,197
2024-05-22,23.7,0.00,16.6,199
2024-05-23,24.6,0.00,20.7,288
2024-05-24,23.4,0.00,21.0,233
2024-05-25,23.8,0.30,9.0,48
2024-05-26,21.5,0.10,17.0,353
2024-05-27,20.7,0.00,19.1,16
2024-05-28,21.6,0.00,23.9,180
2024-05-29,22.0,0.00,17.2,182
2024-05-30,22.2,0.00,17.2,191
2024-05-31,22.6,0.00,15.0,197
2024-06-01,23.7,0.00,13.4,196
2024-06-02,26.1,0.00,14.4,202
2024-06-03,27.8,0.00,13.2,173
2024-06-04,30.6,0.00,25.0,251
2024-06-05,31.0,0.00,19.7,205
2024-06-06,29.6,0.00,19.2,131
2024-06-07,28.9,0.80,14.5,357
2024-06-08,29.4,0.00,14.8,339
2024-06-09,29.1,0.00,19.3,226
2024-06-10,29.4,0.00,15.8,184
2024-06-11,31.1,0.00,17.4,181
2024-06-12,32.3,0.00,12.1,191
2024-06-13,34.8,0.00,21.3,232
2024-06-14,30.9,0.00,23.3,290
2024-06-15,27.4,0.00,21.1,128
2024-06-16,27.4,0.00,17.5,197
2024-06-17,29.4,1.00,16.8,218
2024-06-18,30.6,0.00,18.0,360
2024-06-19,30.2,0.00,20.5,357
2024-06-20,30.6,0.00,19.7,359
2024-06-21,30.9,0.00,25.1,13
2024-06-22,29.6,0.00,16.6,353
2024-06-23,29.6,0.00,13.1,301
2024-06-24,29.6,0.00,16.7,238
2024-06-25,29.9,0.00,18.1,354
2024-06-26,29.9,0.00,16.2,19
2024-06-27,29.0,0.00,19.1,215
2024-06-28,27.9,1.10,17.4,342
2024-06-29,27.8,0.00,28.8,5
2024-06-30,27.6,0.00,20.0,357
2024-07-01,29.4,0.00,19.4,193
2024-07-02,29.3,0.00,16.9,174
2024-07-03,28.2,0.50,19.9,244
2024-07-04,24.3,26.00,12.1,111
2024-07-05,25.3,1.50,13.7,355
2024-07-06,26.5,0.00,18.5,8
2024-07-07,27.4,0.00,18.0,352
2024-07-08,30.0,0.00,18.5,354
2024-07-09,31.5,0.00,19.8,359
2024-07-10,31.9,0.00,22.4,7
2024-07-11,31.9,0.00,19.8,12
2024-07-12,32.3,0.00,22.2,357
2024-07-13,32.4,0.00,21.6,354
2024-07-14,32.2,0.00,22.1,358
2024-07-15,31.5,0.00,20.6,8
2024-07-16,31.7,0.00,20.3,353
2024-07-17,33.0,0.00,20.8,10
2024-07-18,33.7,0.00,20.1,2
2024-07-19,32.9,0.00,22.1,5
2024-07-20,31.9,0.00,16.9,352
2024-07-21,31.5,0.00,19.7,198
2024-07-22,32.3,0.00,17.7,180
2024-07-23,31.8,2.40,18.0,19
2024-07-24,31.2,0.00,16.8,354
2024-07-25,29.5,0.50,13.7,342
2024-07-26,28.8,0.20,21.4,319
2024-07-27,29.5,0.00,16.5,17
2024-07-28,29.4,0.00,18.7,1
2024-07-29,30.3,0.00,19.2,353
2024-07-30,30.8,0.00,14.5,10
2024-07-31,28.6,0.00,19.1,6
2024-08-01,28.2,0.00,19.2,355
2024-08-02,29.3,0.00,18.8,263
2024-08-03,31.0,0.00,18.3,187
2024-08-04,32.0,0.50,18.0,234
2024-08-05,30.4,0.30,17.1,180
2024-08-06,29.4,1.90,17.4,200
2024-08-07,29.6,0.30,16.7,68
2024-08-08,29.8,0.00,13.7,333
2024-08-09,30.1,0.00,18.0,54
2024-08-10,30.7,0.80,14.0,16
2024-08-11,29.6,0.00,22.7,3
2024-08-12,29.8,0.00,18.2,359
2024-08-13,30.6,0.00,13.5,356
2024-08-14,31.0,0.00,17.7,280
2024-08-15,30.7,0.00,17.1,351
2024-08-16,32.3,0.00,13.9,19
2024-08-17,31.7,0.00,8.9,12
2024-08-18,30.3,0.00,15.9,173
2024-08-19,29.2,0.00,15.7,181
2024-08-20,28.3,0.00,16.2,190
2024-08-21,27.9,1.30,11.5,304
2024-08-22,29.2,0.20,13.6,5
2024-08-23,31.2,0.00,17.9,12
2024-08-24,31.3,0.00,18.0,25
2024-08-25,29.4,0.00,22.4,355
2024-08-26,29.2,0.20,20.6,354
2024-08-27,27.9,0.00,19.9,351
2024-08-28,28.3,0.60,17.7,121
2024-08-29,27.4,7.20,14.8,128
2024-08-30,25.5,5.60,12.7,7
2024-08-31,23.7,13.40,14.5,318
2024-09-01,24.2,0.20,16.9,353
2024-09-02,25.5,0.40,15.8,103
2024-09-03,25.6,0.90,11.5,53
2024-09-04,26.4,0.20,10.2,5
2024-09-05,27.5,0.20,12.7,41
2024-09-06,28.9,0.20,13.4,187
2024-09-07,28.5,0.00,15.3,68
2024-09-08,26.1,0.10,8.6,25
2024-09-09,25.7,0.20,15.2,137
2024-09-10,24.2,6.70,25.6,180
2024-09-11,24.3,0.50,15.9,240
2024-09-12,25.9,0.00,19.7,230
2024-09-13,26.4,0.20,17.7,233
2024-09-14,25.0,0.10,22.3,271
2024-09-15,22.4,0.00,21.6,289
2024-09-16,22.3,0.00,22.5,226
2024-09-17,23.3,0.80,15.3,94
2024-09-18,23.0,1.30,13.7,14
2024-09-19,22.2,9.20,11.3,353
2024-09-20,22.2,2.40,10.6,355
2024-09-21,21.3,0.00,16.4,356
2024-09-22,21.5,0.00,16.6,360
2024-09-23,22.3,0.00,18.6,244
2024-09-24,23.8,0.00,20.2,216
2024-09-25,24.3,0.00,16.9,221
2024-09-26,24.7,0.00,18.2,218
2024-09-27,25.2,0.00,15.7,216
2024-09-28,25.3,0.00,13.5,201
2024-09-29,25.4,0.00,27.0,287
2024-09-30,21.3,0.00,22.7,343
2024-10-01,20.7,0.00,18.0,73
2024-10-02,21.2,0.00,15.4,198
2024-10-03,23.0,0.00,13.9,185
2024-10-04,24.0,0.00,15.6,131
2024-10-05,23.8,4.70,14.7,161
2024-10-06,22.4,0.00,14.1,268
2024-10-07,22.1,0.00,22.8,229
2024-10-08,22.3,0.00,17.3,203
2024-10-09,23.1,0.00,17.7,208
2024-10-10,23.5,0.00,19.3,218
2024-10-11,25.1,0.00,12.3,211
2024-10-12,25.5,0.10,15.4,324
2024-10-13,22.2,0.00,14.6,43
2024-10-14,21.4,0.00,14.3,2
2024-10-15,21.2,0.00,9.7,7
2024-10-16,21.0,0.00,13.3,23
2024-10-17,17.9,0.00,16.0,26
2024-10-18,15.8,0.00,14.4,24
2024-10-19,15.7,0.00,14.5,26
2024-10-20,16.2,0.00,10.5,5
2024-10-21,16.2,0.00,10.8,6
2024-10-22,15.9,0.00,14.2,7
2024-10-23,16.7,0.00,12.8,0
2024-10-24,16.5,0.00,12.4,2
2024-10-25,16.6,0.00,13.0,5
2024-10-26,16.3,0.00,12.6,1
2024-10-27,17.1,0.00,8.8,3
2024-10-28,18.0,0.00,9.9,358
2024-10-29,19.5,0.00,11.9,8
2024-10-30,18.3,0.00,15.4,16
2024-10-31,16.8,0.00,20.1,2
2024-11-01,17.0,0.00,19.5,7
2024-11-02,16.7,0.00,15.3,358
2024-11-03,16.4,0.00,17.7,24
2024-11-04,14.4,0.00,14.0,4
2024-11-05,14.5,0.00,21.3,15
2024-11-06,NaN,NaN,2.8,NaN
2024-11-07,NaN,NaN,NaN,NaN
